ID;NAME;START_DATE;END_DATE;LOCATION;LAST_CHANGED_BY
1;NewYear Day;2016-01-01;2016-01-01;India;admin
2;Pongal;2016-14-01;2016-14-01;India;admin
3;Republic Day;2016-26-01;2016-26-01;India;admin
4;Good Friday;2016-25-03;2016-26-01;India;admin
7;Good Friday;2016-25-03;2016-26-01;Netherlands;admin
5;Easter Monday;2016-28-03;2016-28-03;Netherlands;admin
6;Good Friday;2016-28-03;2016-28-03;Spain;admin
8;Telugu New Years Day;2016-28-03;2016-28-03;India;admin
9;Tamil New Years Day;2016-14-04;2016-14-04;India;admin
10;May Day;2016-05-01;2016-05-01;India;admin
11;Kings Day;2016-04-27;2016-04-27;India;admin

